safe_instance_id,pred_focalization,pred_emotion,pred_cognition,pred_change_of_state,pred_conflict,pred_concreteness,pred_temporal_grounding,pred_spatial_grounding,pred_sensory
inst_006db69e90bf55fc_330,1.526,1.089,3.237,3.2,1.366,2.481,1.603,1.468,1.0
inst_0119b35b69835eeb_256,1.254,2.002,2.647,2.252,4.197,2.063,1.0,1.247,1.379
inst_01bd4f2a750d51c8_96,3.257,2.495,2.348,1.059,1.182,2.845,1.567,4.315,1.392
inst_01c8a6fc7e0214c9_296,4.258,2.435,3.148,1.725,3.187,2.077,1.311,1.392,1.096
inst_01e7a3a4bf892ebe_99,1.0,1.019,1.815,1.977,2.748,2.032,1.378,1.358,1.208
inst_023724015e2be3b9_253,3.153,2.687,2.936,1.175,1.403,1.857,1.013,1.0,1.163
inst_024b845f67b0980c_125,1.0,1.0,2.408,1.988,1.052,1.812,2.951,1.772,1.0
inst_029d8959e57bb18f_291,1.616,1.348,2.883,2.067,2.412,2.538,2.497,2.005,1.757
inst_0365023d18a8a792_132,1.201,1.0,2.407,2.123,1.439,2.989,2.071,4.422,3.084
inst_0382369c813eb14d_265,1.0,1.0,1.352,2.19,3.159,2.314,3.528,2.207,1.371
inst_042b52c8a343b0f5_107,1.76,1.0,2.17,1.027,1.0,3.882,1.0,2.485,1.693
inst_04e949d8374f50db_258,4.388,2.934,3.505,3.918,2.218,2.834,3.188,1.55,1.854
inst_0538402e3fcaf3c4_146,1.108,1.0,1.0,1.0,1.133,2.409,1.342,4.515,1.0
inst_062cc9f1597e5117_347,3.454,1.822,2.772,1.31,1.267,2.555,2.267,2.36,1.219
inst_066ee3eff531fb88_267,4.412,4.177,2.986,3.684,1.125,2.168,1.369,1.223,2.384
inst_07674afaf6952f79_1,1.0,1.0,1.091,3.841,1.672,2.232,1.196,4.625,1.0
inst_07fe56ae8b3bc671_240,2.304,2.531,2.591,2.833,3.448,1.0,1.0,1.183,1.0
inst_07ff6e85fae599de_159,4.55,1.457,4.108,1.238,1.794,2.291,2.346,2.057,1.369
inst_0901f51c5397ac4a_58,1.0,1.0,1.0,3.396,1.202,3.719,5.0,5.0,2.252
inst_091ebdc8a52ae47c_313,1.905,1.386,2.453,2.548,2.298,2.069,2.31,2.501,1.063
inst_0a35399108cfcbf4_147,1.0,1.0,1.044,1.683,1.0,1.829,4.221,1.401,1.011
inst_0a3c7ab448c695ff_364,2.059,1.193,1.754,2.922,1.141,2.255,2.201,3.533,1.035
inst_0a6972516e407e56_29,5.0,3.009,3.645,2.998,3.33,3.242,2.259,2.322,2.866
inst_0ab5e1484fdc9cd1_112,1.333,1.08,1.292,2.336,1.0,3.488,2.11,4.141,2.134
inst_0af2ddad4cb1b5f1_362,1.0,1.055,1.0,2.71,1.294,2.278,4.568,4.266,1.0
inst_0f887acfa9e00da7_8,1.0,1.0,1.239,2.218,3.934,3.148,2.508,2.668,2.418
inst_10409fb86c6f21d4_139,2.156,2.062,2.675,1.671,1.0,1.745,1.0,1.0,1.0
inst_10a9263d1eac37ef_241,3.37,1.96,2.03,1.206,1.303,2.38,3.029,5.0,1.812
inst_110a133eba76a4ff_252,1.021,1.0,1.0,2.169,2.969,1.755,3.77,3.03,1.018
inst_1141639c7ece7398_342,1.0,1.0,1.947,1.208,1.709,1.919,1.135,1.0,1.067
inst_11800aedbe30cc11_92,1.024,1.022,1.0,3.251,1.0,2.351,4.429,5.0,1.013
inst_11f143c2c5576471_18,1.098,1.028,1.207,1.285,1.112,1.822,1.506,1.148,1.0
inst_14651d1a233c9d09_164,2.503,3.088,1.66,1.921,3.907,3.15,1.191,2.77,3.046
inst_14c7f2f6bb3fa0eb_166,1.733,1.236,1.674,3.443,2.672,3.003,4.091,3.867,1.915
inst_15fc8e9542aded94_93,2.949,1.248,3.074,1.257,2.406,2.263,1.555,1.577,1.14
inst_16477da9ddd2902a_285,1.0,1.0,1.0,2.645,1.738,3.338,1.13,3.616,1.424
inst_164b43faa30028ba_332,1.376,1.0,1.0,1.869,3.114,3.065,4.982,3.15,1.67
inst_1741db402e03050a_126,1.497,1.0,2.935,1.013,2.034,1.993,1.089,1.149,1.0
inst_181f886349bae4e4_394,1.0,1.0,1.0,3.419,2.384,2.316,4.285,4.229,1.251
inst_18616d22591a9492_257,3.769,5.0,3.166,3.278,2.62,3.185,1.158,1.666,3.028
inst_18cc7719f8dc0617_269,1.094,1.344,1.905,1.525,1.0,2.359,3.21,2.218,1.182
inst_19cd17f74cf63f1b_43,1.06,1.0,2.777,1.0,1.585,1.939,1.0,1.089,1.084
inst_1b14a5abbe61ef4d_184,4.643,3.427,2.869,2.085,1.777,2.71,3.273,2.966,2.181
inst_1bba9ce9ecaefcf6_80,3.094,1.585,2.511,1.547,2.31,2.876,1.467,1.654,1.719
inst_1e6fc298655f7059_137,1.0,1.0,1.549,1.784,1.595,1.992,3.369,1.433,1.065
inst_1ee79704c47d231b_323,2.195,1.212,2.107,1.445,1.0,1.533,1.0,1.0,1.013
inst_1ef8d286c841365e_65,1.887,1.654,1.602,1.049,1.869,3.102,3.936,3.628,2.782
inst_1f7a5d1a07c00552_280,1.006,1.107,1.0,1.961,1.228,1.973,4.624,2.81,1.0
inst_20123761da680746_155,1.878,1.398,3.256,1.906,1.866,1.445,1.466,1.013,1.403
inst_215a42a9a2206747_172,1.138,1.133,1.0,1.72,1.887,2.195,3.021,1.996,1.131
inst_215a42a9a2206747_246,1.138,1.133,1.0,1.72,1.887,2.195,3.021,1.996,1.131
inst_21887c14ec3f0c06_334,2.405,2.376,2.549,3.428,2.558,1.567,1.358,1.255,1.087
inst_22b78960864b8d4f_15,1.182,1.44,2.662,1.05,1.854,2.306,1.0,1.911,1.708
inst_230653008b8e2d02_122,1.0,1.087,1.0,1.19,1.101,1.921,1.0,2.066,1.023
inst_239d9d1939c7c6c0_225,1.124,1.071,2.828,1.983,1.102,2.398,1.0,2.651,1.194
inst_23b693948ff49062_69,1.061,1.076,2.223,1.0,1.064,2.61,4.799,4.041,1.399
inst_23c1f49e745dba3b_337,1.339,2.19,2.101,4.495,4.34,2.242,2.454,2.999,1.101
inst_2436686f2c3c1c7f_354,1.0,1.0,1.636,1.831,1.276,3.316,3.35,1.587,1.381
inst_25103abc5b669422_212,2.026,1.038,2.591,3.099,1.869,3.411,1.42,1.726,1.1
inst_256b9038b6e4094b_271,1.0,1.433,2.188,1.018,1.538,1.037,1.017,1.04,1.0
inst_25734d436efa7bc8_345,1.451,1.282,2.449,1.186,1.574,1.444,1.204,1.196,1.085
inst_27144bea99a845ae_123,3.639,1.633,2.429,2.746,2.622,2.15,1.221,1.272,1.0
inst_277fb6dfddeb54ce_366,1.0,1.0,1.0,1.57,1.767,1.942,4.075,2.293,1.0
inst_293bc38a8ab2a9fd_105,4.071,4.05,2.836,3.523,1.864,1.506,1.121,1.096,1.176
inst_2a26207558e3c659_397,1.058,1.388,1.056,3.919,3.029,2.577,4.143,4.609,1.03
inst_2ad1f7dd9123d2c3_68,4.386,3.524,2.661,1.58,2.304,1.373,1.613,1.172,1.107
inst_2b0dc415ffcba4b8_24,1.0,1.075,1.0,1.0,1.0,3.306,2.702,1.37,1.971
inst_2b59b3f3b8177ba3_64,1.325,1.049,1.638,3.814,4.381,2.925,5.0,4.241,1.661
inst_2c0b329fb9229f5a_202,1.14,2.909,1.253,1.309,3.467,1.871,2.475,3.539,1.0
inst_2c577cbb81f5f1e5_210,1.0,1.0,1.884,1.079,2.711,2.435,4.988,4.529,1.446
inst_2db83d872c717510_200,3.836,2.433,3.702,2.814,1.605,3.073,1.281,1.609,3.783
inst_2e2c8a0b5d8c95ec_78,3.318,2.43,3.032,3.386,2.106,1.605,2.965,1.353,1.0
inst_2e4337556e87c1bb_287,3.58,3.077,1.97,1.643,1.798,2.59,2.054,3.197,2.147
inst_2eaccd43390b1c72_387,3.948,2.089,2.38,1.91,1.596,2.594,1.856,2.409,1.128
inst_2ecbc6bcab0d0c87_156,3.598,1.503,2.952,4.288,2.416,2.052,2.421,2.543,1.0
inst_2ed57bdd5c45a6c2_115,3.386,2.386,2.711,1.333,2.433,3.065,2.468,1.999,1.817
inst_2eff538fe835d017_27,1.157,1.0,3.253,1.224,1.838,2.293,1.83,3.904,1.198
inst_2f230eb8da13495b_386,1.05,1.0,1.747,1.298,1.0,4.3,2.1,1.556,2.709
inst_2f25c97c2f639be6_47,1.272,1.33,2.581,1.989,2.791,1.487,1.33,1.505,1.009
inst_2f5f05c0a25d1ca5_10,1.0,1.0,1.0,4.989,2.713,2.246,3.926,5.0,1.0
inst_2fc9b178125bc67f_306,1.055,1.0,1.047,2.672,1.181,1.871,4.296,1.0,1.045
inst_303b0f72dacfe493_33,3.966,2.163,3.451,2.384,1.407,2.229,3.53,1.0,1.083
inst_310ccdda9e08b0f0_346,3.506,2.491,3.593,1.608,1.996,1.848,1.003,1.108,1.0
inst_312dbfa2baef95fd_59,1.0,1.355,1.019,2.958,3.558,2.802,1.153,2.522,2.121
inst_32108a45c2fe52f9_71,1.0,1.0,1.0,2.857,2.857,2.904,1.376,3.988,1.391
inst_32da76663c988ebe_361,1.093,1.0,1.167,3.099,2.222,2.328,4.703,2.842,1.02
inst_3323caebbab384dd_322,3.727,1.979,2.853,3.933,1.948,3.124,2.661,1.1,2.696
inst_33c156d5be8355a3_6,1.0,1.0,1.0,2.181,2.994,2.301,2.683,2.407,1.3
inst_355d936515c3e52e_102,1.008,1.0,1.0,1.018,1.049,3.051,1.081,1.0,1.552
inst_356402f1ca3433b3_368,3.286,1.8,1.858,1.064,1.0,2.452,1.603,4.254,1.697
inst_357b40e34c8d3099_369,1.0,1.037,1.236,1.483,1.094,2.814,1.0,1.087,1.242
inst_38234b5bb3cdb453_217,1.0,1.0,1.0,2.132,1.052,2.613,1.532,3.234,1.904
inst_38522f222cae04bc_145,3.331,1.093,2.304,1.0,1.858,3.381,1.365,3.295,1.92
inst_38d4c44367559a26_144,1.087,1.101,1.0,2.419,1.099,2.291,5.0,5.0,1.118
inst_390b88d1a32ccbaa_134,1.0,1.0,1.992,2.985,1.358,2.851,3.164,1.938,1.36
inst_390d3ec0ca2022dd_87,1.0,1.0,1.579,1.798,1.112,1.866,1.361,2.65,1.0
inst_3a21b0c4d6d46e87_127,4.07,1.812,2.452,2.769,2.031,2.527,1.403,1.657,1.702
inst_3b4a0b40e1e8a528_250,1.1,1.0,1.563,1.454,1.468,2.293,1.506,3.269,1.026
inst_3c8b470f29e5b69b_320,2.907,1.425,2.979,2.76,2.591,2.79,1.319,4.535,3.257
inst_3cae718d83f79c4a_52,1.0,1.041,1.0,1.506,1.057,3.6,1.213,1.826,1.908
inst_3d04d3e3df47f2f9_203,1.349,1.674,1.394,1.36,1.336,2.7,2.064,2.008,1.258
inst_3ffcf6db3118b733_63,1.208,1.0,3.051,1.0,2.0,1.85,1.0,3.034,1.0
inst_416c8d85ac918fa0_25,1.887,2.028,2.638,2.158,2.833,2.027,2.947,3.058,1.228
inst_429de88dc4467b7b_235,1.603,2.715,1.735,3.719,2.256,1.506,3.698,2.983,1.0
inst_42ee6e32571de9f4_399,3.671,1.856,3.493,2.248,2.919,2.659,1.082,2.117,1.425
inst_437fe75016be7908_220,1.0,1.061,1.645,1.157,1.084,1.482,1.0,1.053,1.072
inst_441b413421c9465d_229,3.837,3.558,3.136,3.059,2.883,1.204,2.979,1.005,1.02
inst_442b1e2fdb08ebf0_44,1.0,1.124,1.516,2.41,1.064,3.526,4.702,4.044,2.137
inst_446b36f63314c889_307,1.174,1.482,1.279,3.226,3.717,2.789,2.295,4.255,2.671
inst_450e29d735279ba8_117,4.547,1.758,3.31,3.341,2.936,2.749,2.596,1.087,2.082
inst_45a213c096d00f81_72,1.03,1.0,1.0,2.829,2.429,2.042,3.79,3.894,1.034
inst_46119d38c47e8014_289,1.027,1.06,1.819,1.0,1.288,2.48,3.004,3.75,1.004
inst_467eb59713414a17_79,1.0,1.0,1.0,3.066,2.216,2.944,1.203,4.004,1.971
inst_46b826a1a81f5a11_46,1.0,1.0,1.055,2.872,2.689,3.332,1.18,2.924,2.624
inst_46d9aa68fca5d269_11,2.369,4.048,1.845,3.298,1.374,1.641,1.844,3.062,1.0
inst_4b89a80f09f8ba9b_356,2.82,2.66,2.533,2.159,1.759,2.279,3.405,5.0,1.554
inst_4c214c332454caac_374,1.0,1.002,1.591,1.158,1.288,1.627,1.0,1.139,1.0
inst_4c7faa8fbd069a10_31,2.247,2.855,2.669,2.792,2.361,3.342,1.326,3.021,2.458
inst_4c8eabde628020e4_237,1.612,1.572,2.7,2.446,1.48,2.619,1.948,3.849,1.582
inst_4cd4e0232341d449_28,3.52,1.682,3.947,3.447,1.311,1.555,1.181,1.406,1.278
inst_4d170868672e1622_255,1.0,1.118,1.202,3.234,2.552,2.007,4.572,3.774,1.0
inst_4dca67b30c7cf067_35,2.759,1.345,2.501,2.658,1.38,3.126,1.905,1.0,2.302
inst_4e91e550fcf0cd71_150,1.0,1.745,1.454,1.021,3.13,2.982,1.3,2.648,2.116
inst_5024072dfddf4553_266,1.0,1.0,1.0,3.496,2.869,2.162,5.0,4.742,1.0
inst_516bd5e713df7d94_309,1.04,1.143,1.0,4.277,1.246,2.148,5.0,5.0,1.0
inst_519b7f1cdf0c6336_121,2.414,1.288,2.211,1.24,1.766,3.785,4.514,4.719,2.538
inst_52253f0612032f5e_321,2.242,1.94,2.96,3.697,2.267,1.508,3.144,1.903,1.049
inst_528bf216d87bb023_104,3.273,1.838,1.386,1.76,3.624,3.374,1.205,2.9,2.778
inst_53e853eea652cd33_310,4.359,3.57,2.556,1.739,2.181,2.809,1.328,3.152,1.956
inst_53f5cabec96717fe_158,4.3,1.247,2.712,1.469,1.059,2.438,2.088,1.91,1.786
inst_549fa1b6ad4dadb0_17,2.799,3.054,2.195,3.184,1.008,2.242,5.0,3.236,1.717
inst_54f6df0e9fa479cf_131,1.395,1.826,2.263,1.829,3.019,1.408,1.057,1.0,1.0
inst_54f96e97a7bc8b7f_375,1.0,1.0,1.143,1.608,1.0,2.771,1.0,2.862,1.797
inst_566c0e9b788bc56a_294,5.0,3.463,3.565,1.107,1.298,2.9,2.484,1.0,2.641
inst_56ec4afd774dd854_304,3.937,1.809,3.138,2.948,1.949,3.375,3.67,1.0,2.138
inst_571c768744aa97c6_288,3.224,1.056,3.414,3.836,1.0,2.179,2.395,2.873,1.548
inst_57209f61c01cac55_149,2.425,2.017,2.566,1.0,1.11,2.279,1.0,1.117,2.265
inst_582a3cb5b225c677_389,1.0,1.0,1.019,1.723,1.855,2.596,1.35,2.629,1.533
inst_5853aeb84e876e8f_270,1.046,1.0,1.691,2.463,3.098,2.088,3.588,2.628,1.021
inst_5853aeb84e876e8f_94,1.046,1.0,1.691,2.463,3.098,2.088,3.588,2.628,1.021
inst_5935d489f872f4f4_86,4.654,2.319,3.89,1.521,1.498,3.16,3.087,2.755,2.423
inst_594dd1b5bea60612_236,1.0,1.0,1.039,1.0,1.03,2.259,3.924,1.123,1.056
inst_5964ecd44f746ef1_204,1.0,1.123,2.018,1.823,1.139,2.086,2.097,2.151,1.156
inst_5a19d0099f0c3f3a_259,1.303,1.345,1.736,3.192,2.768,2.172,1.369,4.351,1.607
inst_5a2de0ed8b69fbf6_278,2.136,3.411,2.401,2.083,3.575,1.059,1.587,1.988,1.0
inst_5bcf226326a0a20d_355,1.039,1.0,1.296,1.0,1.01,2.981,3.258,4.802,2.615
inst_5c8e9854b68010df_114,1.0,1.0,1.204,1.0,1.102,1.623,1.407,3.395,1.029
inst_5cd2e6760b2b2f62_168,3.224,2.296,2.298,1.0,1.0,3.72,1.0,3.078,2.557
inst_5d9ca942b9a5edee_49,4.166,1.124,2.921,1.886,1.346,2.229,1.302,1.473,1.451
inst_5f6adc39a447d5e6_297,1.0,1.215,1.02,2.044,1.706,2.114,1.678,2.544,1.0
inst_5fcae015b0d5a449_218,1.061,1.494,2.19,3.048,2.17,1.806,1.385,1.388,1.231
inst_6007a7a4330659b3_161,1.251,1.802,2.182,2.511,3.422,1.966,1.0,2.178,1.0
inst_607692e4948390c6_188,1.0,1.0,1.406,2.587,2.671,1.668,5.0,2.208,1.0
inst_6109d59cffce2aab_305,1.005,1.0,1.151,2.812,1.043,1.953,4.975,3.666,1.0
inst_6113d0f7a648118f_228,1.0,1.036,1.402,3.383,1.447,2.121,5.0,4.677,1.128
inst_6416f1e3147b13cb_37,1.0,1.551,1.149,2.823,1.911,1.94,4.714,5.0,1.0
inst_64c54af987cfaf7e_221,1.0,1.0,1.0,1.25,1.0,1.599,4.047,1.638,1.0
inst_6700590df6d947d2_130,1.0,1.506,2.002,2.495,3.563,1.923,4.51,1.425,1.08
inst_6860b63ef9a27f75_295,1.0,1.042,1.508,1.78,1.912,1.852,2.008,1.0,1.189
inst_6868b94757dc27a0_318,3.858,2.201,2.878,1.0,1.0,2.69,2.526,4.144,1.712
inst_68763b7e9925ac57_163,4.803,4.183,3.322,4.742,3.886,1.134,1.83,1.0,1.034
inst_6939bf2896a61238_74,1.007,2.447,1.0,3.47,3.559,3.234,2.684,4.338,3.33
inst_6acaa958ea22f71b_40,1.137,1.86,1.738,1.093,3.381,2.457,1.564,2.802,1.516
inst_6b531a64f8a47151_178,2.31,1.0,2.552,1.434,2.11,3.539,1.426,1.834,2.078
inst_6ba8bdea60b7b2e5_128,2.615,1.284,2.131,1.552,3.376,2.456,1.958,4.442,1.14
inst_6be67894686fb3a5_391,1.0,1.0,1.0,2.203,2.667,1.608,4.841,2.038,1.036
inst_6c503c5f86a22a07_224,3.974,1.615,2.335,1.717,3.518,2.505,2.32,2.376,1.959
inst_6c7825dfe54c0d40_67,1.0,1.016,1.0,1.415,1.313,1.562,1.278,1.391,1.0
inst_6e13d16ffe1210ec_238,3.987,2.127,3.354,1.0,1.256,3.143,1.117,3.147,3.56
inst_6e24a105e2abe6ab_165,1.0,1.0,1.0,1.0,1.039,2.602,1.0,1.0,1.801
inst_6edaaa1fbe5a941f_272,1.838,2.434,1.338,1.605,3.952,2.174,4.293,3.602,1.838
inst_6ef621ec4bfa2cfd_16,2.624,2.713,2.955,1.847,1.108,1.226,1.0,1.188,1.0
inst_6f43cfb19249ec82_113,2.076,1.972,1.535,3.389,2.017,3.536,2.151,4.58,3.261
inst_70bab2c7b0251233_103,1.0,1.0,1.0,1.172,1.0,3.878,1.139,1.757,2.897
inst_70fc33a90a7957bf_186,4.287,2.984,2.378,1.524,1.0,3.043,2.529,4.093,3.292
inst_7118e93f880d2788_339,2.934,1.664,1.976,1.35,1.002,3.371,2.83,1.37,1.312
inst_720e6de1517ba660_264,2.699,2.055,2.733,1.0,1.011,2.828,1.076,1.187,2.006
inst_7223e194ee8bfed5_263,3.497,2.857,2.63,1.622,1.0,2.391,2.586,1.393,1.558
inst_722f3f9c46054e51_51,1.099,1.121,2.757,2.574,2.898,1.842,1.784,1.0,1.293
inst_72c4294c24499fd2_292,1.133,1.515,1.01,1.181,1.01,3.682,4.141,4.581,2.704
inst_72cc4f911569c2a2_20,1.055,1.0,1.086,1.131,1.031,1.717,1.131,1.0,1.033
inst_72d9bdcb8ce43aa6_326,2.023,2.317,1.412,2.43,1.0,2.98,1.635,2.138,2.558
inst_73495e45e620d42c_247,4.472,1.583,3.723,1.265,1.121,3.024,3.669,1.233,1.765
inst_74902e755a715ea2_298,1.12,1.0,1.173,1.0,1.182,2.146,1.185,1.0,1.072
inst_763b61e83c9d3f37_273,1.853,1.686,2.828,3.838,3.225,2.851,2.547,2.11,2.23
inst_76f7963e393b4449_325,3.759,2.737,2.697,2.142,1.283,3.521,1.623,3.495,2.417
inst_77d9ed8890360906_118,4.593,1.921,3.839,2.772,1.954,1.392,2.361,1.012,1.0
inst_78b276fc3e3e0e29_110,1.0,1.0,1.0,2.225,2.066,2.124,3.773,4.747,1.045
inst_796ba40c2060f562_286,2.716,1.0,2.071,1.156,2.171,3.844,2.955,2.66,3.011
inst_79bec65f81e12e4b_333,4.438,3.183,2.47,3.136,4.243,2.492,1.725,2.963,1.504
inst_7a79a72a390f12a4_151,2.082,1.529,1.375,3.001,3.761,3.177,1.712,2.798,2.46
inst_7a821431d12c925a_359,1.929,1.285,2.933,1.525,3.06,1.819,1.0,1.357,1.405
inst_7b55c253b9e2fadb_315,1.0,1.002,1.0,2.325,1.075,3.077,4.434,5.0,1.352
inst_7b6dab6ca8d44fe8_179,1.313,1.759,1.195,1.985,2.993,3.887,1.0,2.663,2.9
inst_7b81f27dc636c32f_198,3.286,1.795,2.465,1.552,1.623,3.001,3.674,5.0,2.35
inst_7c2766b3267cf82c_116,1.0,1.216,1.36,1.787,2.265,2.508,2.687,1.768,1.46
inst_7cad82d9b5774bbf_340,3.021,3.472,3.583,2.062,3.267,1.21,4.126,1.309,1.099
inst_7d2f895b769077bf_191,1.045,1.0,1.583,2.439,1.659,3.295,2.85,1.447,1.763
inst_7d6c4b370935a59b_377,2.435,1.083,3.386,1.492,1.658,2.261,1.405,1.0,1.0
inst_7e16cdae8f250537_268,2.749,1.744,2.815,3.869,1.793,1.461,2.357,1.0,1.416
inst_80b1505dedb2910a_376,2.142,2.674,2.447,3.646,2.084,1.418,1.189,1.07,1.0
inst_82f12452e80ca494_53,1.077,1.185,1.505,2.444,3.854,2.403,4.21,4.334,1.247
inst_832c2d5eb829ed5b_148,4.73,2.573,2.773,2.918,3.67,2.593,1.851,2.006,1.344
inst_841f63ed8bba6227_226,3.288,3.506,3.411,3.996,2.881,2.569,3.018,3.472,2.004
inst_842c0b8b2c16c85a_385,3.228,1.0,3.545,2.323,2.219,3.754,2.253,1.601,1.908
inst_842ce30e09c674f5_26,4.625,3.234,3.124,1.526,2.074,3.246,3.258,2.226,1.986
inst_84b08b8d754c13ff_371,1.0,1.0,1.0,1.0,1.0,1.377,1.0,1.0,1.009
inst_8655b2f8748cc2d1_124,1.0,1.044,1.107,2.006,1.0,3.225,5.0,5.0,1.777
inst_874f6ba0aa0e72b9_213,1.706,2.027,2.148,1.575,1.16,2.785,1.067,2.08,2.234
inst_87e339c0a4325efe_13,3.733,1.315,2.93,2.126,2.158,2.915,1.337,1.0,1.675
inst_89008fe17728aaef_195,2.109,1.049,2.651,1.926,1.024,2.861,2.764,1.0,1.405
inst_89480455822b2326_167,3.996,2.333,3.285,1.367,1.01,2.888,2.81,5.0,1.956
inst_8960084d6ce8b2ae_341,1.14,1.52,1.651,1.415,2.65,2.762,3.948,2.947,1.788
inst_89b641974b1c609a_209,3.27,3.23,2.354,2.021,2.519,2.007,1.265,3.387,1.646
inst_8a19f018aeb5cd85_0,1.005,1.062,1.414,1.33,1.0,2.383,1.032,2.285,2.129
inst_8a73e439435ffe19_175,2.984,3.412,2.625,3.225,2.728,1.39,1.815,1.581,1.062
inst_8ade2b0bf8d08377_254,4.088,4.179,2.866,1.51,3.78,2.575,2.655,2.481,1.856
inst_8b0fccac3d347995_302,2.846,2.404,2.37,2.027,3.397,2.007,2.744,1.857,1.0
inst_8b34d14516121dab_76,4.37,1.678,2.415,3.586,2.691,4.184,3.789,2.549,4.055
inst_8b651a45d12f8269_308,1.367,1.0,1.517,1.178,1.0,2.802,2.131,4.282,1.951
inst_8d02c2d58bd3f256_143,1.0,1.0,1.41,3.257,2.832,2.367,3.326,4.341,1.563
inst_8d8cac395805dd0a_317,1.07,1.042,1.919,2.338,3.442,3.245,1.025,4.23,2.12
inst_8f283d884eabb662_84,1.086,1.401,1.616,1.359,1.691,3.133,5.0,5.0,2.244
inst_8f604ad174d7b388_314,4.531,2.988,3.223,2.492,1.167,2.909,2.238,1.268,2.397
inst_9052b9ea8e5ee4a6_208,1.0,1.297,1.135,3.959,2.504,1.948,4.821,4.099,1.0
inst_905dd9283c0d00fd_223,1.192,1.0,1.593,1.064,1.0,4.456,1.35,1.83,2.976
inst_914f0e14c64e6c76_344,2.623,1.43,2.15,2.64,1.797,3.881,2.254,4.866,2.681
inst_916824553001c55d_274,1.116,1.118,2.144,4.579,1.152,2.159,4.108,3.969,1.028
inst_92388afd0e3b7cab_154,1.015,1.333,1.856,2.476,1.178,1.872,3.607,2.43,1.0
inst_92763aa6780c5912_85,1.994,1.254,2.311,2.539,1.331,3.648,1.533,1.809,3.181
inst_930bc2e102089d7b_275,1.0,1.0,1.0,2.849,3.394,2.845,3.326,3.253,1.485
inst_9359f780e9c6f8d9_380,1.0,1.118,1.387,2.631,1.265,2.06,3.486,4.73,1.008
inst_94744242f5ecd2c8_192,2.03,1.002,2.043,1.395,2.468,3.443,2.159,2.212,3.154
inst_9527275bbb6d5af5_60,1.0,1.764,1.991,3.107,3.205,1.815,3.388,3.969,1.0
inst_9570819fd0a762c7_335,1.014,1.908,1.589,2.019,1.54,1.608,2.198,3.144,1.0
inst_95ea7c3cfbb52acd_193,1.09,1.0,2.13,1.672,1.131,2.198,2.204,3.2,1.026
inst_96b6329a30ee398f_301,1.035,1.146,1.325,3.844,2.803,2.279,1.149,4.5,1.176
inst_9715f3701a6f058c_5,4.041,1.349,4.095,2.461,2.018,2.19,1.0,1.141,1.807
inst_97a7c3515a7e2fc1_312,4.692,2.56,3.372,2.758,2.492,1.549,1.0,1.058,1.539
inst_98484deb69cd457c_194,1.0,1.0,2.744,1.238,1.303,2.904,1.045,1.713,1.474
inst_99cc92f363b15d80_283,2.494,1.0,3.104,1.863,1.53,3.718,1.491,1.452,2.291
inst_99f367ab2f1968e6_185,2.799,1.722,3.342,2.535,1.514,2.791,1.493,2.839,1.438
inst_9c4417ba2ed94bf3_142,1.019,1.0,1.072,3.294,1.568,2.422,5.0,4.224,1.0
inst_9c5bc9bc8ed500c1_244,1.02,1.0,1.101,1.441,1.007,2.108,1.513,2.995,1.0
inst_9c821d7f471e51e3_23,2.592,1.744,2.546,1.672,1.289,2.544,2.602,1.911,1.146
inst_9c8c10ca5f50be6d_388,1.1,1.0,1.016,3.302,1.568,2.742,4.045,5.0,1.319
inst_9d5816403e03da7e_379,1.707,2.08,1.384,3.043,2.381,3.515,1.191,3.855,2.298
inst_9da50420bb2ebc21_141,3.615,1.48,3.035,1.402,2.21,3.321,1.0,3.048,2.273
inst_9daa786825bcc033_136,2.101,1.047,2.013,1.36,1.527,1.921,4.084,4.281,1.08
inst_9e0effcb64e2c290_111,1.001,1.526,1.0,1.379,1.114,3.028,1.325,2.912,2.63
inst_9e8952f777e7b8a9_353,1.0,1.0,1.174,3.107,1.344,1.931,5.0,4.17,1.0
inst_9f3b88e4b470775c_349,4.277,2.016,2.729,2.127,1.018,3.605,2.943,2.93,2.66
inst_9f57d7ce389989b1_77,3.749,2.466,2.214,1.23,1.065,3.469,2.325,4.311,3.064
inst_9f5fa4986b73f415_363,3.312,2.124,2.788,2.372,2.461,2.796,1.662,2.196,1.713
inst_a01ea4f16d88a038_231,3.677,1.757,2.721,1.801,3.729,1.977,1.069,2.002,1.0
inst_a1125baba1cddc8d_201,2.062,1.407,3.511,1.792,1.823,1.555,1.0,2.144,1.0
inst_a2b5eb983a4df54e_230,1.0,1.099,2.179,2.307,3.72,2.933,2.806,4.348,2.251
inst_a2c22d039183a2d4_55,2.317,2.34,2.796,1.325,1.0,2.449,1.0,1.749,1.189
inst_a36a1f7ee9ac2e3d_176,2.275,1.0,2.965,3.576,2.07,1.607,1.359,1.503,1.0
inst_a4434575813c8e3a_351,1.0,1.048,1.0,1.024,1.0,2.809,1.012,3.118,1.381
inst_a57a0bfc8c2e476a_382,1.802,1.0,3.026,1.09,2.028,2.313,1.299,1.112,1.0
inst_a6afd658ff8e150b_129,1.0,1.0,2.728,3.093,1.985,1.869,3.734,3.068,1.043
inst_a7705f957cb898b6_32,3.101,2.194,4.122,2.508,2.43,1.936,4.398,3.171,1.227
inst_a7888d6db4e0f6b2_196,1.122,1.89,2.324,2.917,1.421,2.456,3.911,3.561,1.502
inst_a86104570d6bbe2c_219,3.765,2.891,3.665,1.447,2.288,2.69,2.175,3.099,2.233
inst_a96e5c9dee5613e1_370,3.385,1.103,2.938,2.473,1.722,2.17,2.559,2.285,1.032
inst_aadc60ee7f6ac710_36,1.0,1.039,1.289,1.848,1.616,2.196,3.517,1.0,1.13
inst_ab59326df4ebfa37_206,1.0,1.223,1.717,1.731,2.403,1.894,3.988,4.147,1.0
inst_ab7fb51856f0cb35_392,3.683,2.607,2.45,1.329,1.0,2.381,1.0,2.775,2.501
inst_ac620b50701faf6d_157,3.115,2.545,1.949,1.0,1.0,2.395,2.896,2.733,2.3
inst_ac6c9a6216a5f2c3_22,1.158,1.489,2.465,1.132,1.0,1.728,1.0,1.029,1.0
inst_ad8ad415395c3ca1_42,1.024,1.036,2.12,1.33,1.075,3.449,2.971,2.345,2.076
inst_add13236cee51ed4_352,1.61,1.0,2.747,1.0,1.737,1.901,1.157,1.0,1.027
inst_ae1752df5ea64140_239,2.324,1.161,1.147,1.532,1.0,3.068,3.275,3.12,2.031
inst_ae56ed9ec9363ec4_197,1.843,1.954,2.323,2.578,3.986,2.651,2.567,2.323,1.517
inst_aede333ad2e0d5b5_357,4.254,2.13,3.088,2.144,1.746,2.019,2.926,1.259,1.036
inst_b10c4dc872113484_348,2.919,4.604,2.526,4.732,3.45,2.572,1.417,4.245,1.619
inst_b1da0879018984ae_316,1.22,1.137,1.501,1.0,1.0,2.844,3.686,1.411,2.364
inst_b20d2541c084fc6b_279,2.877,1.153,2.612,1.864,1.044,2.631,1.51,1.25,1.0
inst_b38ba3060fd1b1d3_120,1.0,1.188,1.134,1.171,1.064,2.956,1.228,2.202,2.019
inst_b42405945361d07e_189,1.0,1.0,1.008,4.906,1.022,2.022,5.0,4.869,1.0
inst_b505e699fe66c87d_373,1.0,1.251,2.512,1.399,3.37,1.822,1.053,2.816,1.054
inst_b557788bca2dc7de_328,3.138,1.89,1.683,2.671,1.958,2.79,2.724,2.09,1.486
inst_b56563301921347c_88,1.97,1.0,1.362,1.93,1.0,2.379,4.323,3.668,1.245
inst_b59462447c28da35_169,3.079,3.207,2.935,3.546,1.796,3.112,1.341,2.164,2.168
inst_b6112ab664a302f8_327,1.21,2.256,3.163,1.495,3.278,2.112,2.825,1.704,1.663
inst_b6652147b2da9cf3_232,1.0,1.02,1.379,1.192,1.59,2.08,1.052,1.065,1.291
inst_b6c41a10e96567ad_135,2.795,2.376,4.074,3.537,2.775,1.98,1.612,2.582,1.353
inst_b73002098d520146_140,1.833,1.709,2.54,3.665,4.154,2.606,1.0,1.958,2.015
inst_b89ca2dd443ee660_34,1.001,1.388,1.088,3.016,3.933,1.916,5.0,4.981,1.082
inst_b8a17f0424a0c68e_199,1.0,1.0,1.114,1.324,1.144,3.508,1.633,2.776,2.002
inst_b8b5c8d58db225db_190,1.0,1.0,1.056,1.0,1.546,1.742,1.007,2.906,1.107
inst_ba06222bb9fc7059_109,1.948,1.528,1.629,1.882,1.409,3.168,3.748,2.77,2.398
inst_ba5cbaf3a2ce0365_290,1.004,1.0,1.0,3.407,2.351,2.956,4.188,5.0,1.847
inst_ba7ef12815afa4f5_162,1.0,1.0,1.049,2.714,1.039,1.867,1.171,1.231,1.052
inst_ba9d5cc665809294_14,2.812,4.961,3.305,1.876,4.546,1.577,1.282,1.257,1.563
inst_baedcbea9c5ce46a_243,1.053,1.0,1.693,1.032,1.067,1.701,1.049,1.128,1.0
inst_bb2995f1272965ff_2,1.117,2.478,1.998,2.652,3.544,2.832,2.039,3.454,1.611
inst_bb6d6483df4d8e73_248,2.804,2.106,1.196,1.0,1.104,3.45,1.545,3.107,2.827
inst_bbcfad3a302a6a47_101,1.0,1.0,1.434,3.06,1.472,1.858,4.311,2.518,1.072
inst_bc12332870dcfb59_70,1.001,1.532,1.103,1.368,1.761,2.604,5.0,5.0,1.165
inst_bc6923d20a046654_3,1.0,1.435,1.055,4.333,2.897,3.042,3.864,4.657,2.512
inst_bd8079bceec29a95_398,4.262,2.154,3.197,1.508,1.524,2.207,1.101,1.0,1.317
inst_be120c20db0fed54_311,2.438,2.041,2.626,1.154,1.469,3.331,2.053,3.674,2.929
inst_be61a34fbef23dd3_75,1.0,1.0,1.0,1.43,1.0,3.651,1.249,1.619,2.597
inst_beb14bdf3dd60fd4_119,4.416,3.166,2.941,1.2,2.265,2.489,3.587,3.223,2.09
inst_bf749cfb6f73c4ee_182,1.0,1.0,1.744,3.332,2.486,1.659,3.433,2.357,1.0
inst_c028c8673e04ed05_81,1.016,1.02,1.09,3.691,1.265,2.155,2.124,3.834,1.19
inst_c0294f5ca1e76165_329,3.283,3.178,2.432,2.597,1.426,1.392,1.0,1.162,1.0
inst_c0f329a464d90663_215,1.028,1.086,1.0,1.057,1.077,1.786,1.756,1.507,1.066
inst_c283170d352a7147_50,1.0,1.0,1.424,1.497,1.275,2.029,1.789,1.032,1.0
inst_c2cc4ae8af7e48a4_281,3.769,2.059,3.596,2.277,1.188,2.002,1.591,1.977,1.065
inst_c363ce1bc3e40d22_39,1.109,1.059,1.0,2.398,1.595,3.042,2.417,1.665,1.878
inst_c3644436a00940ae_54,2.667,1.509,2.364,1.75,1.567,2.424,1.379,2.407,1.375
inst_c36f837c4f7f4e48_262,1.0,1.0,1.014,1.86,1.742,2.138,2.941,1.427,1.163
inst_c41a5b1d03e93946_395,1.0,1.164,1.036,1.0,1.0,1.974,2.192,2.357,1.178
inst_c443e49cb03378b4_83,1.165,1.0,2.042,2.547,2.391,2.016,2.65,2.028,1.021
inst_c470c7f2d21f2d13_393,3.683,3.6,2.477,3.188,3.559,4.293,1.553,2.81,4.054
inst_c496503179f6ca55_372,4.378,4.053,2.07,2.777,3.137,3.82,1.405,2.331,4.186
inst_c522801239b578d6_222,2.921,1.761,3.75,1.152,3.231,1.204,1.0,1.098,1.0
inst_c6c4d485162e761d_9,1.0,1.031,1.0,1.003,1.0,3.916,1.193,1.955,2.072
inst_c7f8cc093ab9fd44_234,1.019,1.0,1.47,2.16,1.738,2.07,2.896,1.925,1.051
inst_c8fe0f4912cc28d3_350,1.241,1.261,1.342,1.1,3.885,2.607,4.402,4.806,1.434
inst_caa188d0efe5f333_95,1.605,1.956,2.274,3.26,2.947,2.539,3.361,3.671,1.756
inst_cad75245171ef28c_324,4.452,2.887,3.905,1.613,1.888,2.784,1.385,2.732,2.772
inst_cbd4ab6b16e87425_249,1.273,1.075,1.637,2.825,3.055,1.767,2.751,3.237,1.0
inst_ccf7264859cef62b_384,4.75,3.693,2.665,1.77,2.056,3.39,1.862,4.616,2.368
inst_cd562bcbb714195e_183,2.905,1.036,3.541,1.785,1.506,3.257,1.0,1.0,1.016
inst_ce42868fea0951e6_61,3.679,1.971,3.438,1.513,1.0,2.701,4.376,2.502,2.097
inst_cecdd8e37f4ff963_57,1.0,1.0,1.0,1.0,1.0,3.603,5.0,4.271,2.437
inst_cedf8b293713e0fc_343,1.017,1.0,1.0,1.47,1.075,2.013,1.242,1.0,1.0
inst_d00b1aed3a79bcaa_319,1.0,1.818,1.136,1.105,1.024,1.91,3.678,1.0,1.0
inst_d1326caf2899bdfb_108,1.0,1.0,1.116,1.247,1.103,3.866,1.661,1.799,2.767
inst_d1b02a5250ace09d_62,4.772,3.288,3.764,4.343,2.701,2.218,3.093,2.863,1.626
inst_d3eb66eb54f3a096_181,3.453,1.045,2.865,1.0,1.606,3.107,2.352,3.615,2.207
inst_d6064889d091c004_66,3.889,1.981,3.248,2.293,1.456,2.397,2.227,1.0,1.205
inst_d67a66a91bf577a8_174,1.057,1.033,1.0,2.206,1.089,2.499,4.112,4.156,1.039
inst_d6da0c26127bfd12_299,2.9,1.299,3.87,1.982,2.126,2.241,2.204,1.336,1.066
inst_d754c5bf529d5bd9_19,2.623,1.241,2.584,1.359,2.05,2.38,2.055,1.22,1.208
inst_d7ead80481d164f8_98,1.0,1.021,1.0,2.823,1.157,2.41,1.732,2.223,1.221
inst_dada136543a76550_338,4.941,3.346,4.13,3.333,1.457,3.168,2.266,3.738,2.516
inst_db820b96a1d021f2_331,5.0,2.734,4.386,2.067,1.534,3.708,3.106,2.802,3.338
inst_db83299fb8872a8c_216,1.0,1.0,1.017,2.809,3.157,2.876,3.191,2.411,1.818
inst_dc749cadc7b00409_381,1.201,1.0,1.072,1.0,1.0,3.154,1.035,5.0,2.386
inst_dd456f6701e10ab3_293,1.0,1.22,1.661,2.141,1.537,1.949,3.681,2.109,1.0
inst_dd9ac0539715cdf7_97,3.187,1.228,3.399,1.718,2.268,2.746,1.267,1.222,1.29
inst_dda7716c69225a93_365,1.083,1.0,1.457,1.016,1.0,3.836,1.158,2.695,2.875
inst_dee37c939ae2f9ee_211,3.853,1.812,3.125,1.746,1.0,3.403,1.706,1.917,2.035
inst_df23ae74a06dc2f8_177,4.152,2.785,3.586,1.924,2.487,1.084,1.292,1.454,1.136
inst_df42deeb56609158_106,1.721,2.558,2.47,1.424,2.775,2.127,1.596,2.084,1.442
inst_df57c1875fa90a28_187,1.483,1.872,2.388,1.606,3.541,2.188,1.78,2.423,1.586
inst_df6d53f7a3058e86_251,1.0,1.0,1.057,3.698,3.591,2.047,4.023,2.296,1.0
inst_e04da75885f7c5b0_214,1.054,1.0,1.0,3.286,2.082,2.41,5.0,4.943,1.393
inst_e19c07039385101b_153,1.0,1.883,1.0,1.247,2.077,3.108,3.115,5.0,3.068
inst_e1a49843566d6248_233,3.437,3.267,2.505,1.222,2.712,2.3,2.472,1.779,2.736
inst_e1c48a519c235298_21,4.749,1.937,3.338,2.424,2.209,3.074,2.479,1.643,1.9
inst_e24604ba4a1f12be_138,1.0,1.0,1.035,2.838,1.777,2.301,4.588,4.619,1.074
inst_e25c4ff786cd2f85_261,1.0,1.209,1.429,1.375,1.94,1.725,1.0,1.578,1.0
inst_e27afc135859771f_260,1.861,1.051,2.328,1.219,1.364,2.907,3.972,4.02,1.865
inst_e283f3fb76c85f33_282,1.0,1.008,1.0,1.403,1.184,1.862,1.29,2.657,1.0
inst_e2bc521b93218324_170,1.0,1.012,1.0,1.96,1.176,1.999,1.0,3.755,1.055
inst_e41d2f0037892f07_160,1.467,1.21,2.272,2.452,3.645,1.902,2.424,3.825,1.089
inst_e584153c89d0d07f_91,2.865,1.26,3.468,1.853,1.269,1.62,1.131,1.0,1.0
inst_e5ac96d9ef0c48e6_227,2.989,1.0,2.682,1.204,1.0,3.494,1.214,1.878,2.216
inst_e6072a285d0743bc_277,1.0,1.232,1.0,1.326,1.0,1.867,4.776,1.262,1.0
inst_e6377482b92742aa_89,1.453,1.536,1.442,1.0,1.637,2.395,2.838,2.425,1.948
inst_e7e47de49985d9fd_12,4.399,3.798,2.873,2.079,2.283,2.286,1.925,2.708,1.572
inst_e7edf3579f718661_45,1.0,1.0,1.13,1.0,1.288,1.535,1.278,1.27,1.02
inst_e854f035ae19de34_360,1.989,1.584,3.79,1.0,3.014,1.83,1.244,1.675,1.0
inst_e95e4224dcc2c4ef_48,1.0,1.147,1.656,2.494,1.058,2.226,1.505,2.74,1.098
inst_e9d9232c3aa4ed6c_242,1.683,1.23,1.0,1.061,1.064,2.647,5.0,5.0,1.864
inst_e9e9fc4cc3220e9e_90,5.0,2.309,3.783,1.371,1.201,4.13,2.87,4.457,3.516
inst_ea4bd460280dc3e9_41,1.0,1.0,1.278,3.475,2.553,2.211,5.0,2.576,1.117
inst_eabd742850ab2d16_358,3.696,1.182,3.479,2.209,2.256,4.065,1.097,2.507,2.443
inst_eb818f83d1e944c6_7,1.021,1.047,1.0,1.577,1.016,2.004,1.0,4.014,1.078
inst_ec2cf0e49fe8fd4e_383,4.352,1.445,2.997,3.277,1.821,3.042,1.833,1.0,1.573
inst_ed50cc9193dd4ada_38,1.034,1.906,2.357,3.247,3.576,2.179,2.395,4.133,1.0
inst_eeedca89be84c9a9_367,1.0,1.0,2.295,2.246,1.185,1.989,1.012,3.508,1.0
inst_eef0b772b6fb2079_378,3.722,2.483,3.057,3.016,1.133,2.956,2.301,1.998,1.908
inst_efb3c26b6a0357eb_171,1.0,1.0,1.0,2.243,1.0,1.969,5.0,4.562,1.043
inst_efed6a963ba8d1aa_180,2.048,2.411,2.644,1.586,3.262,1.887,2.724,2.221,1.0
inst_f03dc0791c2d4916_300,1.0,1.125,1.0,2.874,3.095,2.683,3.752,5.0,2.545
inst_f079bbac251a596c_173,2.182,1.951,3.141,1.385,1.368,2.876,2.212,1.911,2.471
inst_f0cdf881a9b7211e_390,2.642,2.842,2.357,1.0,1.035,2.295,2.004,2.469,1.349
inst_f0f28538b3e3b9ea_56,4.65,3.571,4.012,3.187,3.01,2.263,2.087,2.533,1.711
inst_f100a273529f12fb_207,1.198,1.917,1.496,1.0,1.225,1.747,2.727,1.932,1.085
inst_f126d0654a7790b6_73,1.634,1.0,1.161,2.013,1.0,2.042,4.633,1.796,1.081
inst_f2bc022b2bcb0668_4,3.977,2.786,3.129,1.151,1.0,2.838,1.731,4.374,3.321
inst_f4e3409a4a875245_276,1.0,1.044,1.276,1.444,1.092,2.603,3.751,3.256,1.0
inst_f68c063159117577_336,2.938,1.691,2.062,1.228,2.632,3.512,2.332,2.658,2.351
inst_f771cb0b1a20f8fe_152,4.169,1.723,2.805,2.109,1.744,2.007,2.619,1.674,1.48
inst_f92843cbf2890959_100,3.184,1.979,3.421,2.838,2.775,1.622,4.16,3.548,1.064
inst_f94166ceba513c2e_82,3.426,1.385,1.813,2.609,1.0,3.314,4.395,3.852,1.933
inst_fc6f7c91d784380b_133,2.675,3.969,1.886,3.076,3.416,2.162,1.0,1.142,2.6
inst_fd2f20dc73621838_30,1.0,1.053,1.0,1.0,1.102,3.828,3.039,1.185,3.614
inst_fd41256d12183651_303,5.0,3.68,3.643,2.576,1.025,3.021,3.321,3.087,2.853
inst_fe530bf9561cfe6e_284,1.0,1.0,1.0,2.129,1.116,2.105,2.742,1.0,1.0
inst_fec9fec372e92309_245,3.851,1.844,2.902,2.586,2.072,3.041,1.028,1.312,1.789
inst_fef89c792cc3d268_396,3.369,3.035,2.056,1.782,1.0,1.802,1.356,4.133,1.0
inst_ff87e58297f5cecf_205,1.01,1.158,1.219,1.673,1.794,2.934,4.879,5.0,1.59
